title,genre,year,category,ott
고뇌: 슈칼스키의 삶과 예술,전기,2018,다큐멘터리 영화,넷플릭스
글로리아 올레드: 약자 편에 선다,사회문화,2018,다큐멘터리 영화,넷플릭스
기쁨의 도시,사회문화,2018,다큐멘터리 영화,넷플릭스
두 개의 카탈루냐,정치,2018,다큐멘터리 영화,넷플릭스
"람 다스, 고잉 홈: 마지막 발걸음",전기,2018,다큐멘터리 영화,넷플릭스
레슬러 자이언 클라크,전기,2018,다큐멘터리 영화,넷플릭스
레이디스 퍼스트: 내일을 향해 쏴라,전기,2018,다큐멘터리 영화,넷플릭스
"레이철, 하얀 흑인",전기,2018,다큐멘터리 영화,넷플릭스
리마스터드: 누가 잼 마스터 제이를 죽였나?,범죄,2018,다큐멘터리 영화,넷플릭스
리마스터드: 누가 밥 말리를 쏘았나,사회문화,2018,다큐멘터리 영화,넷플릭스
리마스터드: 닉슨 vs 맨 인 블랙,전기,2018,다큐멘터리 영화,넷플릭스
리커버리 보이즈,사회문화,2018,다큐멘터리 영화,넷플릭스
머큐리 13,사회문화,2018,다큐멘터리 영화,넷플릭스
미국 시민권 프로젝트,사회문화,2018,다큐멘터리 영화,넷플릭스
셔커스: 잃어버린 필름을 찾아서,전기,2018,다큐멘터리 영화,넷플릭스
슈퍼맨 각성제,라이프스타일,2018,다큐멘터리 영화,넷플릭스
아메리칸 밈,사회문화,2018,다큐멘터리 영화,넷플릭스
엔드 게임: 생이 끝나갈 때,사회문화,2018,다큐멘터리 영화,넷플릭스
오슨 웰스의 마지막 로즈버드,전기,2018,다큐멘터리 영화,넷플릭스
제인 로 케이스 뒤집기,정치,2018,다큐멘터리 영화,넷플릭스
조지아의 상인,사회문화,2018,다큐멘터리 영화,넷플릭스
칼날 위에 서다: 첨단 의학의 덫,사회문화,2018,다큐멘터리 영화,넷플릭스
퀸시 존스의 음악과 삶,전기,2018,다큐멘터리 영화,넷플릭스
페미니스트: 닫힌 문을 열고,사회문화,2018,다큐멘터리 영화,넷플릭스
학교 총기 참사의 교훈: 던블레인에서 온 편지,범죄,2018,다큐멘터리 영화,넷플릭스
3간의 허그,사회문화,2019,다큐멘터리 영화,넷플릭스
FYRE: 꿈의 축제에서 악몽의 사기극으로,범죄,2019,다큐멘터리 영화,넷플릭스
거대한 해킹,범죄,2019,다큐멘터리 영화,넷플릭스
고스트 오브 슈가랜드: 그는 어디에,전기,2019,다큐멘터리 영화,넷플릭스
"그날, 패러다이스",재난,2019,다큐멘터리 영화,넷플릭스
그래스 이즈 그리너,사회문화,2019,다큐멘터리 영화,넷플릭스
나는 스모 선수입니다,전기,2019,다큐멘터리 영화,넷플릭스
내가 누구인지 말해주오,인물,2019,다큐멘터리 영화,넷플릭스
"단속, 그 후",사회문화,2019,다큐멘터리 영화,넷플릭스
두 레스토랑 이야기,음식,2019,다큐멘터리 영화,넷플릭스
로레나: 샌들의 마라토너,스포츠,2019,다큐멘터리 영화,넷플릭스
롤링 선더 레뷰: 마틴 스코세이지의 밥 딜런 이야기,전기,2019,다큐멘터리 영화,넷플릭스
리마스터드: 마이애미 쇼밴드 참사,음악,2019,다큐멘터리 영화,넷플릭스
리마스터드: 사자의 몫,사회문화,2019,다큐멘터리 영화,넷플릭스
리마스터드: 악마와 걸은 사나이,전기,2019,다큐멘터리 영화,넷플릭스
리마스터드: 빅토르 하라의 마지막 노래,전기,2019,다큐멘터리 영화,넷플릭스
"리마스터드: 샘 쿡, 두 번 죽다",전기,2019,다큐멘터리 영화,넷플릭스
무대에 미치다,전기,2019,다큐멘터리 영화,넷플릭스
보통의 가족,사회문화,2019,다큐멘터리 영화,넷플릭스
브레네 브라운: 나를 바꾸는 용기,인물,2019,다큐멘터리 영화,넷플릭스
블랙 갓파더,사회문화,2019,다큐멘터리 영화,넷플릭스
비욘세의 홈커밍,전기,2019,다큐멘터리 영화,넷플릭스
비크람: 요가 구루의 두 얼굴,범죄,2019,다큐멘터리 영화,넷플릭스
새들과 춤을,자연,2019,다큐멘터리 영화,넷플릭스
세상을 바꾸는 여성들,전기,2019,다큐멘터리 영화,넷플릭스
아메리칸 팩토리: 오바마 부부와의 대화,사회문화,2019,다큐멘터리 영화,넷플릭스
아메리칸 팩토리[6],사회문화,2019,다큐멘터리 영화,넷플릭스
앙투안 그리에즈만: 진행형 레전드,스포츠,2019,다큐멘터리 영화,넷플릭스
애프터 마리아,사회문화,2019,다큐멘터리 영화,넷플릭스
여기는 일본 애니 월드!,사회문화,2019,다큐멘터리 영화,넷플릭스
위기의 민주주의: 룰라에서 탄핵까지[5],정치,2019,다큐멘터리 영화,넷플릭스
이블린,사회문화,2019,다큐멘터리 영화,넷플릭스
체념 증후군의 기록[4],사회문화,2019,다큐멘터리 영화,넷플릭스
첼시의 백인 특권 전격 해부,사회문화,2019,다큐멘터리 영화,넷플릭스
코카인 섬의 전설,전기,2019,다큐멘터리 영화,넷플릭스
트래비스 스캇: 날 수 있어,전기,2019,다큐멘터리 영화,넷플릭스
파르치스: 우리는 아이돌이었다,전기,2019,다큐멘터리 영화,넷플릭스
피리어드: 더 패드 프로젝트[3],사회문화,2019,다큐멘터리 영화,넷플릭스
하늘 높이: 국경의 철새들,사회문화,2019,다큐멘터리 영화,넷플릭스
GIMS: 온 더 레코드,음악,2020,다큐멘터리 영화,넷플릭스
LA 오리지널,사회문화,2020,다큐멘터리 영화,넷플릭스
그들만의 사랑: 테리와 팻의 65년,LGBT,2020,다큐멘터리 영화,넷플릭스
나의 문어 선생님[8],자연,2020,다큐멘터리 영화,넷플릭스
댄스 드림: 핫 초콜릿 호두까기 인형,사회문화,2020,다큐멘터리 영화,넷플릭스
데이비드 애튼버러: 우리의 지구를 위하여,자연,2020,다큐멘터리 영화,넷플릭스
디스클로저,사회문화,2020,다큐멘터리 영화,넷플릭스
딕 존슨이 죽었습니다,인물,2020,다큐멘터리 영화,넷플릭스
러브 송 포 라타샤[9],인물,2020,다큐멘터리 영화,넷플릭스
루나를 위한 기도,인물,2020,다큐멘터리 영화,넷플릭스
"마리셀라 에스코베도, 세 번의 죽음",범죄,2020,다큐멘터리 영화,넷플릭스
무초 무초 아모르: 왈테르 메르카도의 전설,사회문화,2020,다큐멘터리 영화,넷플릭스
미셸 오바마의 비커밍,사회문화,2020,다큐멘터리 영화,넷플릭스
미스 아메리카나,전기,2020,다큐멘터리 영화,넷플릭스
"불사조, 비상하다",스포츠,2020,다큐멘터리 영화,넷플릭스
블랙핑크: 세상을 밝혀라,전기,2020,다큐멘터리 영화,넷플릭스
빅플로 앤 올리: 힙합에 미치다,음악,2020,다큐멘터리 영화,넷플릭스
사카라 무덤의 비밀,과학,2020,다큐멘터리 영화,넷플릭스
살인에서 석방까지: 신토니아 브라운,범죄,2020,다큐멘터리 영화,넷플릭스
서커스 오브 북스,LGBT,2020,다큐멘터리 영화,넷플릭스
소셜 딜레마,사회문화,2020,다큐멘터리 영화,넷플릭스
숀 멘데스 스토리,전기,2020,다큐멘터리 영화,넷플릭스
스펠링 챔피언을 향하여,사회문화,2020,다큐멘터리 영화,넷플릭스
스피드 큐브의 천재들,인물,2020,다큐멘터리 영화,넷플릭스
아넬카: 문제적 저니맨,스포츠,2020,다큐멘터리 영화,넷플릭스
아메리칸 머더: 이웃집 살인사건,범죄,2020,다큐멘터리 영화,넷플릭스
"아버지, 군인, 아들",밀리터리,2020,다큐멘터리 영화,넷플릭스
에미시다: 아마렐루 - 어제의 노래,음악,2020,다큐멘터리 영화,넷플릭스
"우리, 함께",음악,2020,다큐멘터리 영화,넷플릭스
우리는 영원히 어리지 않다,범죄,2020,다큐멘터리 영화,넷플릭스
우리의 목소리가 울려 퍼지면,사회문화,2020,다큐멘터리 영화,넷플릭스
존의 컨택트,사회문화,2020,다큐멘터리 영화,넷플릭스
크립 캠프: 장애는 없다[7],사회문화,2020,다큐멘터리 영화,넷플릭스
클로디아 키시 클럽,사회문화,2020,다큐멘터리 영화,넷플릭스
해브 어 굿 트립: 기묘한 모험,사회문화,2020,다큐멘터리 영화,넷플릭스
희망을 얼리다: 환생을 향하여,사회문화,2020,다큐멘터리 영화,넷플릭스
137발의 총성,사회문화,2021,다큐멘터리 영화,넷플릭스
14좌 정복: 불가능은 없다,스포츠,2021,다큐멘터리 영화,넷플릭스
1999 런던 테러: 네일 보머의 진실,범죄,2021,다큐멘터리 영화,넷플릭스
"나의 영웅, 카우보이",인물,2021,다큐멘터리 영화,넷플릭스
나의 집은 어디인가,사회문화,2021,다큐멘터리 영화,넷플릭스
내가 소피아 로렌이라면?,인물,2021,다큐멘터리 영화,넷플릭스
다시 찾은 우리,인물,2021,다큐멘터리 영화,넷플릭스
돌리 파튼: 그녀를 위한 콘서트,음악,2021,다큐멘터리 영화,넷플릭스
말하지 못한 이야기: 경쟁에서 전쟁으로,사회문화,2021,다큐멘터리 영화,넷플릭스
말하지 못한 이야기: 브레이킹 포인트,스포츠,2021,다큐멘터리 영화,넷플릭스
말하지 못한 이야기: 악마와의 거래,LGBT,2021,다큐멘터리 영화,넷플릭스
말하지 못한 이야기: 죄와 벌 그리고 하키,범죄,2021,다큐멘터리 영화,넷플릭스
말하지 못한 이야기: 케이틀린 제너의 순간들,LGBT,2021,다큐멘터리 영화,넷플릭스
뮤지컬 말린체: 메이킹,음악,2021,다큐멘터리 영화,넷플릭스
미니멀리즘: 오늘도 비우는 사람들,사회문화,2021,다큐멘터리 영화,넷플릭스
미샤와 늑대들,범죄,2021,다큐멘터리 영화,넷플릭스
"밥 로스: 행복한 사고, 배신과 탐욕",범죄,2021,다큐멘터리 영화,넷플릭스
브레이킹 바운더리: 지구의 과학,자연,2021,다큐멘터리 영화,넷플릭스
브리트니 VS 스피어스,인물,2021,다큐멘터리 영화,넷플릭스
블러드 브러더스: 맬컴 엑스 & 무하마드 알리,사회문화,2021,다큐멘터리 영화,넷플릭스
비기: 할 말이 있어,음악,2021,다큐멘터리 영화,넷플릭스
사기의 제왕,범죄,2021,다큐멘터리 영화,넷플릭스
사서함 1142: 미국의 비밀 나치 수용소,역사,2021,다큐멘터리 영화,넷플릭스
살인자의 기억: 데니스 닐슨 테이프,범죄,2021,다큐멘터리 영화,넷플릭스
샤이니_플레이크스: 나는 십 대에 마약왕이 됐다,범죄,2021,다큐멘터리 영화,넷플릭스
"세 자매, 달리다",스포츠,2021,다큐멘터리 영화,넷플릭스
슈마허,인물,2021,다큐멘터리 영화,넷플릭스
실라를 찾아서,인물,2021,다큐멘터리 영화,넷플릭스
씨스피라시,자연 범죄,2021,다큐멘터리 영화,넷플릭스
앙젤,인물,2021,다큐멘터리 영화,넷플릭스
어 캅 무비,범죄,2021,다큐멘터리 영화,넷플릭스
얼룩진 네트워크: 어느 저널리스트의 죽음,범죄,2021,다큐멘터리 영화,넷플릭스
오디블: 우리만의 암호,인물,2021,다큐멘터리 영화,넷플릭스
왜 나를 죽였지?,범죄,2021,다큐멘터리 영화,넷플릭스
우먼 앤 머더러,범죄,2021,다큐멘터리 영화,넷플릭스
원더보이: 익명출산아 올리비에 루스탱,인물,2021,다큐멘터리 영화,넷플릭스
작전명 바시티 블루스: 부정 입학 스캔들,범죄,2021,다큐멘터리 영화,넷플릭스
채드윅 보즈먼: 예술가의 초상,인물,2021,다큐멘터리 영화,넷플릭스
컨버전스: 위기 속의 용기,사회문화,2021,다큐멘터리 영화,넷플릭스
크랙의 시대: 코카인에 물들다,사회문화,2021,다큐멘터리 영화,넷플릭스
키티 러브: 고양이에게 바치는 송가,동물,2021,다큐멘터리 영화,넷플릭스
토니 파커: 마지막 슛,스포츠,2021,다큐멘터리 영화,넷플릭스
퍼프: 산호초의 경이로움,자연,2021,다큐멘터리 영화,넷플릭스
펠레,스포츠,2021,다큐멘터리 영화,넷플릭스
폴 위의 그녀들,사회문화,2021,다큐멘터리 영화,넷플릭스
프레이 어웨이,LGBT,2021,다큐멘터리 영화,넷플릭스
프로세션: 치유의 행진,인물,2021,다큐멘터리 영화,넷플릭스
플립 어 코인: 원 오크 록 다큐멘터리,음악,2021,다큐멘터리 영화,넷플릭스
해안의 살인,범죄,2021,다큐멘터리 영화,넷플릭스
글라트베크 인질극,범죄,2022,다큐멘터리 영화,넷플릭스
낙원에서 살아남기: 가족의 이야기,자연,2022,다큐멘터리 영화,넷플릭스
다운폴: 더 보잉 케이스,과학,2022,다큐멘터리 영화,넷플릭스
더 포토그래퍼: 호세 루이스 카베사스 살인사건,범죄,2022,다큐멘터리 영화,넷플릭스
데이트 앱 사기: 당신을 노린다,범죄,2022,다큐멘터리 영화,넷플릭스
리턴 투 스페이스,과학,2022,다큐멘터리 영화,넷플릭스
마릴린 먼로 미스터리: 비공개 테이프,인물,2022,다큐멘터리 영화,넷플릭스
마사 미첼 이펙트,역사,2022,다큐멘터리 영화,넷플릭스
베나지르를 위한 세 개의 노래,사회문화,2022,다큐멘터리 영화,넷플릭스
사이버 지옥: n번방을 무너뜨려라,범죄,2022,다큐멘터리 영화,넷플릭스
아무도 믿지 마라: 암호화폐 제왕을 추적하다,범죄,2022,다큐멘터리 영화,넷플릭스
우리의 아버지,범죄,2022,다큐멘터리 영화,넷플릭스
제니퍼 로페즈: 내 인생의 하프타임,음악,2022,다큐멘터리 영화,넷플릭스
추락한 스타: 그는 무엇을 잘못했나,범죄,2022,다큐멘터리 영화,넷플릭스
홀드 유어 브레스: 아이스 다이빙,스포츠,2022,다큐멘터리 영화,넷플릭스
"화이트 핫: 애버크롬비 & 피치, 그 흥망의 기록",사회문화,2022,다큐멘터리 영화,넷플릭스
데런 브라운: 희생,마술,2018,스페셜 영화,넷플릭스
라우던 웨인라이트 3세: C의 노래,원맨쇼,2018,스페셜 영화,넷플릭스
스프링스틴 온 브로드웨이,원맨쇼,2018,스페셜 영화,넷플릭스
안젤라의 크리스마스,애니메이션,2018,스페셜 영화,넷플릭스
테일러 스위프트의 레퓨테이션 스타디움 투어,콘서트,2018,스페셜 영화,넷플릭스
돌아온 래프인: 올스타 스페셜,버라이어티,2019,스페셜 영화,넷플릭스
딸에게 들려주는 흑인의 역사,버라이어티,2019,스페셜 영화,넷플릭스
론리 아일랜드의 배시 브라더스: 그랬다던데?,뮤지컬,2019,스페셜 영화,넷플릭스
브레이킹 배드 무비: 엘 카미노로 가는 길,메이킹필름,2019,스페셜 영화,넷플릭스
스터질 심프슨의 사운드 & 퓨어리,애니메이션,2019,스페셜 영화,넷플릭스
아니마,뮤직비디오,2019,스페셜 영화,넷플릭스
아이리시맨을 말하다,인터뷰,2019,스페셜 영화,넷플릭스
우당탕탕 로코와 친구들: 멋진 신세계,애니메이션,2019,스페셜 영화,넷플릭스
우주스파이 짐 지구를 삼켜라,애니메이션,2019,스페셜 영화,넷플릭스
존 멀레이니와 도시락 친구들,버라이어티,2019,스페셜 영화,넷플릭스
"프랑켄슈타인의 괴물의 괴물, 프랑켄슈타인",모큐멘터리,2019,스페셜 영화,넷플릭스
경찰과 도둑,애니메이션,2020,스페셜 영화,넷플릭스
로마로 가는 길,메이킹필름,2020,스페셜 영화,넷플릭스
"마 레이니, 그녀가 블루스: 못다한 이야기",인터뷰,2020,스페셜 영화,넷플릭스
바다 탐험대 옥토넛: 대산호초 보호작전,애니메이션,2020,스페셜 영화,넷플릭스
바다 탐험대 옥토넛: 해저 동굴 대탈출,애니메이션,2020,스페셜 영화,넷플릭스
벤 플랫: 라디오 시티 뮤직홀 라이브,콘서트,2020,스페셜 영화,넷플릭스
보이즈 인 더 밴드: 우리만의 이야기,인터뷰,2020,스페셜 영화,넷플릭스
세라 쿠퍼: 아주 좋아!,버라이어티,2020,스페셜 영화,넷플릭스
솔 레반테,애니메이션,2020,스페셜 영화,넷플릭스
숀 멘데스: 라이브 인 콘서트,콘서트,2020,스페셜 영화,넷플릭스
시타라: 렛 걸스 드림,애니메이션,2020,스페셜 영화,넷플릭스
"아리아나 그란데: 익스큐즈 미, 아이 러브 유",콘서트,2020,스페셜 영화,넷플릭스
안젤라의 크리스마스 소원,애니메이션,2020,스페셜 영화,넷플릭스
에일리언 X-마스,스톱모션,2020,스페셜 영화,넷플릭스
잭은 무슨 짓을 했는가?,단편영화,2020,스페셜 영화,넷플릭스
할아버지의 캔버스,애니메이션,2020,스페셜 영화,넷플릭스
혹시 내게 무슨 일이 생기면,애니메이션,2020,스페셜 영화,넷플릭스
"가버려라, 2020년",코미디,2021,스페셜 영화,넷플릭스
로빈 로빈,애니메이션,2021,스페셜 영화,넷플릭스
몬스터 헌터: 길드의 전설,애니메이션,2021,스페셜 영화,넷플릭스
섹스: 지퍼를 내려봐,코미디,2021,스페셜 영화,넷플릭스
아미 오브 더 데드: 비하인드 스토리,메이킹필름,2021,스페셜 영화,넷플릭스
언더테이커의 저주받은 저택,인터랙티브 무비,2021,스페셜 영화,넷플릭스
에미시다: 상파울루 라이브,콘서트,2021,스페셜 영화,넷플릭스
할리우드 클리셰의 모든 것,코미디,2021,스페셜 영화,넷플릭스
"가버려라, 2021년",코미디,2022,스페셜 영화,넷플릭스
더 하우스,스톱모션,2022,스페셜 영화,넷플릭스
셀럽은 회의중,코미디,2022,스페셜 영화,넷플릭스
오프라 + 바이올라: 넷플릭스 스페셜 이벤트,인터뷰,2022,스페셜 영화,넷플릭스
우리 죄를 사하여 주옵소서,단편영화,2022,스페셜 영화,넷플릭스
이랙스,단편영화,2022,스페셜 영화,넷플릭스
캣 버글러: 박물관을 털어라,인터랙티브 무비,2022,스페셜 영화,넷플릭스
파워 오브 도그: 제인 캠피온이 말하다,메이킹필름,2022,스페셜 영화,넷플릭스
하트 샷,단편영화,2022,스페셜 영화,넷플릭스
5성급 크리스마스,코미디,2018,영화,넷플릭스
7월 22일,드라마,2018,영화,넷플릭스
거꾸로 가는 남자,로맨틱 코미디,2018,영화,넷플릭스
게임 오버,코미디,2018,영화,넷플릭스
그토록 오랫동안,뮤지컬,2018,영화,넷플릭스
나의 피부로,범죄,2018,영화,넷플릭스
내가 사랑했던 모든 남자들에게,로맨틱 코미디,2018,영화,넷플릭스
넥스트 젠,SF 애니메이션,2018,영화,넷플릭스
녀석들의 졸업백서,코미디,2018,영화,넷플릭스
늑대의 어둠,스릴러,2018,영화,넷플릭스
대체불가 당신,드라마,2018,영화,넷플릭스
더 패키지,코미디,2018,영화,넷플릭스
돌아온 벤지,코미디,2018,영화,넷플릭스
러스트 스토리,드라마,2018,영화,넷플릭스
로마,드라마,2018,영화,넷플릭스
로열 크리스마스: 세기의 결혼,로맨틱 코미디,2018,영화,넷플릭스
만약에,드라마,2018,영화,넷플릭스
매일 살해당하는 여자,스릴러,2018,영화,넷플릭스
매직 캘린더: 크리스마스를 부탁해,로맨틱 코미디,2018,영화,넷플릭스
모글리: 정글의 전설,어드벤쳐,2018,영화,넷플릭스
못말리는 부자들,코미디,2018,영화,넷플릭스
뮤트,SF 미스터리,2018,영화,넷플릭스
바람의 저편,드라마,2018,영화,넷플릭스
바르셀로나 이비자 DJ,코미디,2018,영화,넷플릭스
밤이 온다,액션,2018,영화,넷플릭스
버드 박스,스릴러,2018,영화,넷플릭스
변함없는 자들의 마을,드라마,2018,영화,넷플릭스
복수의 사도,호러,2018,영화,넷플릭스
"브리지 모한, 죽어야 사는 남자",코미디,2018,영화,넷플릭스
사랑은 아파트를 타고,로맨틱 코미디,2018,영화,넷플릭스
상사에 대처하는 로맨틱한 자세,로맨틱 코미디,2018,영화,넷플릭스
스텝 시스터스,코미디,2018,영화,넷플릭스
시에라 연애 대작전,로맨틱 코미디,2018,영화,넷플릭스
아마추어,스포츠,2018,영화,넷플릭스
아무 일도 없었다,스릴러,2018,영화,넷플릭스
아버지의 계정으로,코미디,2018,영화,넷플릭스
아웃 & 인,로맨틱 코미디,2018,영화,넷플릭스
아웃로 킹,사극,2018,영화,넷플릭스
아웃사이더,범죄,2018,영화,넷플릭스
어느 허무명랑한 인생,코미디,2018,영화,넷플릭스
어느날 인생이 엉켰다,코미디,2018,영화,넷플릭스
열린 문틈으로,호러,2018,영화,넷플릭스
우리 빚을 사하여 주시옵고,드라마,2018,영화,넷플릭스
우리 처음 만났을 때,로맨틱 코미디,2018,영화,넷플릭스
"우리, 운명일까?",로맨틱 코미디,2018,영화,넷플릭스
웨딩 위크,코미디,2018,영화,넷플릭스
이상한 나라의 앨릭스,코미디,2018,영화,넷플릭스
익스팅션: 종의 구원자,SF 스릴러,2018,영화,넷플릭스
종말의 끝,액션 스릴러,2018,영화,넷플릭스
지금부터 들려줄게 록샌의 이야기,드라마,2018,영화,넷플릭스
카고,드라마 호러,2018,영화,넷플릭스
카우보이의 노래,서부극,2018,영화,넷플릭스
캔디 상자,코미디,2018,영화,넷플릭스
캠 걸스,호러,2018,영화,넷플릭스
코드명 엔젤,스릴러,2018,영화,넷플릭스
크리스마스 스위치,로맨틱 코미디,2018,영화,넷플릭스
크리스마스 연대기,판타지,2018,영화,넷플릭스
클로버필드 패러독스,SF,2018,영화,넷플릭스
키싱 부스,로맨틱 코미디,2018,영화,넷플릭스
타우,SF 스릴러,2018,영화,넷플릭스
패러독스,뮤지컬 서부극 판타지,2018,영화,넷플릭스
퍼스트 매치,스포츠,2018,영화,넷플릭스
폴카 킹,코미디,2018,영화,넷플릭스
프라이빗 라이프,드라마,2018,영화,넷플릭스
허니문은 아버지와 함께,코미디,2018,영화,넷플릭스
화이트테일 디어 헌터,코미디,2018,영화,넷플릭스
힙합 애프터 파티,코미디,2018,영화,넷플릭스
6 언더그라운드,액션,2019,영화,넷플릭스
8월 15일,코미디,2019,영화,넷플릭스
결혼 이야기,드라마,2019,영화,넷플릭스
굿 샘,드라마,2019,영화,넷플릭스
내 이름은 돌러마이트,드라마,2019,영화,넷플릭스
높은 풀 속에서,호러,2019,영화,넷플릭스
높이 나는 새,드라마,2019,영화,넷플릭스
더 더트,드라마,2019,영화,넷플릭스
더 앱,SF,2019,영화,넷플릭스
더 킹: 헨리 5세,사극,2019,영화,넷플릭스
데드 키즈,스릴러,2019,영화,넷플릭스
두 교황,드라마,2019,영화,넷플릭스
뜻밖의 침입자,코미디,2019,영화,넷플릭스
라스트 썸머,로맨틱 코미디,2019,영화,넷플릭스
라이온하트,코미디,2019,영화,넷플릭스
래틀스네이크,호러,2019,영화,넷플릭스
레드 씨 다이빙 리조트,드라마,2019,영화,넷플릭스
렛 잇 스노우,로맨틱 코미디,2019,영화,넷플릭스
로데오 어게인,드라마,2019,영화,넷플릭스
로열 크리스마스: 오 마이 베이비,로맨틱 코미디,2019,영화,넷플릭스
림 오브 더 월드,SF 어드벤쳐,2019,영화,넷플릭스
머더 미스터리,코미디,2019,영화,넷플릭스
무인도에 누군가 데려간다면,드라마,2019,영화,넷플릭스
문 섀도우,스릴러,2019,영화,넷플릭스
미국의 아들,드라마,2019,영화,넷플릭스
백 투 스쿨,코미디,2019,영화,넷플릭스
버디와 함께 해피엔딩,코미디,2019,영화,넷플릭스
벨벳 버즈소,스릴러,2019,영화,넷플릭스
변방의 형제들,드라마,2019,영화,넷플릭스
브레이킹 배드 무비: 엘 카미노,범죄,2019,영화,넷플릭스
비트,드라마,2019,영화,넷플릭스
비트윈 투 펀스: 투어 스페셜,코미디,2019,영화,넷플릭스
사랑 없는 숲,스릴러,2019,영화,넷플릭스
섹스튜플리츠,코미디,2019,영화,넷플릭스
소니,범죄,2019,영화,넷플릭스
스타트 업 & 다운,드라마,2019,영화,넷플릭스
시크릿 세탁소,드라마,2019,영화,넷플릭스
시크릿 옵세션,스릴러,2019,영화,넷플릭스
심장의 불꽃,드라마,2019,영화,넷플릭스
썸원 그레이트,로맨틱 코미디,2019,영화,넷플릭스
아더후드,코미디,2019,영화,넷플릭스
"아무튼, 우리",코미디,2019,영화,넷플릭스
아이리시맨,범죄,2019,영화,넷플릭스
愛なき森で叫べ,,2019,영화,넷플릭스
어제가 오면,SF,2019,영화,넷플릭스
엘리사와 마르셀라,로맨스,2019,영화,넷플릭스
열일곱,하이틴,2019,영화,넷플릭스
와인 컨트리,코미디,2019,영화,넷플릭스
우리 사이 어쩌면,로맨틱 코미디,2019,영화,넷플릭스
"우리는, 파리",로맨스,2019,영화,넷플릭스
위험한 드라이브,액션,2019,영화,넷플릭스
유니콘 스토어,코미디,2019,영화,넷플릭스
음악 선생님,드라마,2019,영화,넷플릭스
일라이,호러,2019,영화,넷플릭스
젓가락 행진곡,코미디,2019,영화,넷플릭스
중력을 거스르는 남자,드라마,2019,영화,넷플릭스
지진새,미스터리,2019,영화,넷플릭스
크리스마스 인 아프리카,로맨스,2019,영화,넷플릭스
크리스마스에 기사가 올까요?,로맨틱 코미디,2019,영화,넷플릭스
클라우스,애니메이션,2019,영화,넷플릭스
톨 걸,코미디,2019,영화,넷플릭스
트리플 프런티어,액션 스릴러,2019,영화,넷플릭스
패들턴,드라마,2019,영화,넷플릭스
퍼펙션,스릴러,2019,영화,넷플릭스
퍼펙트 데이트,로맨틱 코미디,2019,영화,넷플릭스
페르소나,옴니버스 영화,2019,영화,넷플릭스
포인트 블랭크,액션,2019,영화,넷플릭스
폴라,액션,2019,영화,넷플릭스
폴링 인 러브,로맨틱 코미디,2019,영화,넷플릭스
프랙처드,스릴러,2019,영화,넷플릭스
하이웨이 맨,범죄,2019,영화,넷플릭스
홀리데이 러시,코미디,2019,영화,넷플릭스
후아니타,드라마,2019,영화,넷플릭스
가족의 죄,범죄,2020,영화,넷플릭스
가질 수 없는,드라마,2020,영화,넷플릭스
검은 우물,호러,2020,영화,넷플릭스
고스트 스토리,호러,2020,영화,넷플릭스
군잔 삭세나: 더 카르길 걸,드라마,2020,영화,넷플릭스
그 남자의 집,스릴러,2020,영화,넷플릭스
그 숲에선 누구도 잠들 수 없다,호러,2020,영화,넷플릭스
꽉 막힌 여자: 돈돈돈,드라마,2020,영화,넷플릭스
나는 고발한다,드라마,2020,영화,넷플릭스
나는 여기에 없다,드라마,2020,영화,넷플릭스
나의 집으로,스릴러,2020,영화,넷플릭스
내 이름은 키티,드라마,2020,영화,넷플릭스
내가 사랑했던 모든 남자들에게: P.S. 여전히 널 사랑해,로맨틱 코미디,2020,영화,넷플릭스
너에게 가는 열차,로맨스,2020,영화,넷플릭스
넌 실수였어,로맨스,2020,영화,넷플릭스
"눈부신 세상 끝에서, 너와 나",로맨스,2020,영화,넷플릭스
더 링크,호러,2020,영화,넷플릭스
더 프롬,뮤지컬,2020,영화,넷플릭스
데스페라도스,로맨틱 코미디,2020,영화,넷플릭스
돌리 파튼의 크리스마스 온 더 스퀘어,뮤지컬,2020,영화,넷플릭스
라 테르,액션,2020,영화,넷플릭스
라바 아일랜드 무비,애니메이션,2020,영화,넷플릭스
라스트 데이스 오브 아메리칸 크라임,스릴러,2020,영화,넷플릭스
라이징 하이,코미디,2020,영화,넷플릭스
러브 웨딩 리피트,로맨틱 코미디,2020,영화,넷플릭스
"러브, 개런티드",로맨틱 코미디,2020,영화,넷플릭스
러브버드,로맨틱 코미디,2020,영화,넷플릭스
레베카,스릴러,2020,영화,넷플릭스
로즈 아일랜드 공화국,코미디,2020,영화,넷플릭스
록스타처럼!,드라마,2020,영화,넷플릭스
루도: 인생 게임,코미디,2020,영화,넷플릭스
리초네의 태양 아래,로맨스,2020,영화,넷플릭스
리치 인 러브,로맨틱 코미디,2020,영화,넷플릭스
"마 레이니, 그녀가 블루스",드라마,2020,영화,넷플릭스
마스카의 맛,로맨틱 코미디,2020,영화,넷플릭스
마지막 게임,스릴러,2020,영화,넷플릭스
매직마스크 레슬러,코미디,2020,영화,넷플릭스
맹크,드라마,2020,영화,넷플릭스
메넨데스: 구마의 기록,호러,2020,영화,넷플릭스
미드나이트 스카이,SF,2020,영화,넷플릭스
바람의 남자들,코미디,2020,영화,넷플릭스
반쪽의 이야기,로맨스,2020,영화,넷플릭스
밤은 혼자다,스릴러,2020,영화,넷플릭스
뱀파이어 vs 브롱크스,호러 코미디,2020,영화,넷플릭스
베이비시터를 위한 몬스터 사냥 가이드,코미디,2020,영화,넷플릭스
보이즈 인 더 밴드,드라마,2020,영화,넷플릭스
불불,호러,2020,영화,넷플릭스
비트를 느껴봐,코미디,2020,영화,넷플릭스
사냥의 시간,스릴러,2020,영화,넷플릭스
사라진 소녀들,범죄,2020,영화,넷플릭스
사라진 탄환,스릴러,2020,영화,넷플릭스
사랑은 비처럼,로맨틱 코미디,2020,영화,넷플릭스
사탄의 베이비시터: 킬러 퀸,호러 코미디,2020,영화,넷플릭스
살육 호텔,호러,2020,영화,넷플릭스
서바이벌 캠프,스릴러,2020,영화,넷플릭스
세르지우,드라마,2020,영화,넷플릭스
스펜서 컨피덴셜,범죄,2020,영화,넷플릭스
슬립오버,코미디,2020,영화,넷플릭스
시리어스 맨,드라마,2020,영화,넷플릭스
아그네스를 찾아서,코미디,2020,영화,넷플릭스
아들에게,드라마,2020,영화,넷플릭스
아빠를 찾습니다,드라마,2020,영화,넷플릭스
아이를 부탁해,로맨틱 코미디,2020,영화,넷플릭스
악마는 사라지지 않는다,스릴러,2020,영화,넷플릭스
얼터드 카본: 리슬리브,SF 애니메이션,2020,영화,넷플릭스
"예스, 발레!",드라마,2020,영화,넷플릭스
오늘도 크리스마스,코미디,2020,영화,넷플릭스
오늘부터 로그아웃,코미디,2020,영화,넷플릭스
오늘부터 히어로,히어로,2020,영화,넷플릭스
오버 더 문,애니메이션,2020,영화,넷플릭스
올 데이 앤 어 나이트,드라마,2020,영화,넷플릭스
올드 가드,액션,2020,영화,넷플릭스
올로투레,범죄,2020,영화,넷플릭스
와인을 딸 시간,드라마,2020,영화,넷플릭스
우리 결혼할까요?,로맨틱 코미디,2020,영화,넷플릭스
우리는 울트라스,드라마,2020,영화,넷플릭스
울고 싶은 나는 고양이 가면을 쓴다,애니메이션,2020,영화,넷플릭스
워크 잇,코미디,2020,영화,넷플릭스
위 아 40,코미디,2020,영화,넷플릭스
위험한 거짓말들,드라마,2020,영화,넷플릭스
위험한 만남,스릴러,2020,영화,넷플릭스
윌러비 가족,애니메이션,2020,영화,넷플릭스
유로비전 송 콘테스트: 파이어 사가 스토리,코미디,2020,영화,넷플릭스
유죄,스릴러,2020,영화,넷플릭스
이제 그만 끝낼까 해,스릴러,2020,영화,넷플릭스
이지와 오시,로맨틱 코미디,2020,영화,넷플릭스
익스트랙션,액션,2020,영화,넷플릭스
자기 앞의 생,드라마,2020,영화,넷플릭스
죽어도 안 죽는 여자,코미디,2020,영화,넷플릭스
지금부터 싱글,코미디,2020,영화,넷플릭스
짐승의 시간,드라마,2020,영화,넷플릭스
징글 쟁글: 저니의 크리스마스,뮤지컬,2020,영화,넷플릭스
캘리포니아 크리스마스,로맨틱 코미디,2020,영화,넷플릭스
커피 & 카림,코미디,2020,영화,넷플릭스
콜,스릴러,2020,영화,넷플릭스
크레이지 티처,코미디,2020,영화,넷플릭스
크리스마스 스위치: 한번 더 바꿔?,로맨틱 코미디,2020,영화,넷플릭스
크리스마스 연대기: 두 번째 이야기,판타지,2020,영화,넷플릭스
크리스마스에 날아갑니다,로맨틱 코미디,2020,영화,넷플릭스
크리스마스엔 죽인다,코미디,2020,영화,넷플릭스
클라우스 패밀리,판타지,2020,영화,넷플릭스
클래스 오브 83,드라마,2020,영화,넷플릭스
키싱 부스 2,로맨틱 코미디,2020,영화,넷플릭스
킬러 와이프,스릴러,2020,영화,넷플릭스
타이거테일,드라마,2020,영화,넷플릭스
트라이얼 오브 더 시카고 7,드라마,2020,영화,넷플릭스
파라메딕 앙헬,스릴러,2020,영화,넷플릭스
폴 프롬 그레이스,스릴러,2020,영화,넷플릭스
프로젝트 파워,액션,2020,영화,넷플릭스
프릭스: 원 오브 어스,판타지,2020,영화,넷플릭스
피어리스,애니메이션,2020,영화,넷플릭스
호구 남친 클리닉,코미디,2020,영화,넷플릭스
호스 걸,드라마,2020,영화,넷플릭스
홀리데이트,로맨틱 코미디,2020,영화,넷플릭스
휴비의 핼러윈,호러 코미디,2020,영화,넷플릭스
히어로는 없다,스릴러,2020,영화,넷플릭스
힐빌리의 노래,드라마,2020,영화,넷플릭스
7명의 포로,드라마,2021,영화,넷플릭스
감당 불가 크리스마스,코미디,2021,영화,넷플릭스
갱스터라 불린 사나이,액션,2021,영화,넷플릭스
걸 온 더 트레인,스릴러,2021,영화,넷플릭스
걸스 오브 막시,드라마,2021,영화,넷플릭스
겉보기엔 멀쩡한 남자,코미디,2021,영화,넷플릭스
고스트 랩,호러,2021,영화,넷플릭스
교환학생 다이어리,로맨틱 코미디,2021,영화,넷플릭스
구겨진 인생들,드라마,2021,영화,넷플릭스
그 숲에선 누구도 잠들 수 없다 2,호러,2021,영화,넷플릭스
"그 여름, 파도가 일었다",로맨스,2021,영화,넷플릭스
그 여름의 일주일,뮤지컬,2021,영화,넷플릭스
그녀의 조각들,드라마,2021,영화,넷플릭스
나를 사로잡은 그대,로맨스 스릴러,2021,영화,넷플릭스
나의 아만다,로맨스,2021,영화,넷플릭스
나이자 크리스마스,로맨틱 코미디,2021,영화,넷플릭스
나이트 티스,호러,2021,영화,넷플릭스
나이트북: 밤의 이야기꾼,판타지,2021,영화,넷플릭스
낙원의 밤,범죄,2021,영화,넷플릭스
내가 그 소녀들이다,스릴러,2021,영화,넷플릭스
내가 사랑했던 모든 남자들에게: 언제나 그리고 영원히,로맨틱 코미디,2021,영화,넷플릭스
"너, 그, 그녀 그리고 우리",코미디,2021,영화,넷플릭스
너와 나의 이름으로,로맨틱 코미디,2021,영화,넷플릭스
네 집에 누군가 있다,슬래셔,2021,영화,넷플릭스
다마카: 더 테러 라이브,스릴러,2021,영화,넷플릭스
다비트와 엘프의 크리스마스,판타지,2021,영화,넷플릭스
다이애나: 더 뮤지컬,뮤지컬,2021,영화,넷플릭스
댄싱 퀸스,드라마,2021,영화,넷플릭스
더 길티,스릴러,2021,영화,넷플릭스
더 디그,드라마,2021,영화,넷플릭스
더 라스트 머시너리,액션,2021,영화,넷플릭스
더 하더 데이 폴,서부극,2021,영화,넷플릭스
더 홀 트루스,호러,2021,영화,넷플릭스
더블 파파,코미디,2021,영화,넷플릭스
돈 룩 업,코미디,2021,영화,넷플릭스
딥: 잠들면 죽는다,SF,2021,영화,넷플릭스
라스트 파라디소,로맨스,2021,영화,넷플릭스
라이드 오어 다이,스릴러,2021,영화,넷플릭스
러브 미 인스테드,드라마,2021,영화,넷플릭스
러브 하드,로맨틱 코미디,2021,영화,넷플릭스
레드 노티스,액션,2021,영화,넷플릭스
레드 닷,스릴러,2021,영화,넷플릭스
로베르토 바조: 말총머리의 판타지스타,드라마,2021,영화,넷플릭스
룰리,코미디,2021,영화,넷플릭스
뤼마니테 8번지,코미디,2021,영화,넷플릭스
리틀 빅 마우스,로맨스 코미디,2021,영화,넷플릭스
릴리와 찌르레기,코미디,2021,영화,넷플릭스
링컨의 집에서 살아남기: 더 무비,애니메이션,2021,영화,넷플릭스
마담 클로드,드라마,2021,영화,넷플릭스
"마이 브라더, 마이 시스터",드라마,2021,영화,넷플릭스
맬컴과 마리,로맨스,2021,영화,넷플릭스
몬스터,드라마,2021,영화,넷플릭스
미치도록 사랑해,로맨틱 코미디,2021,영화,넷플릭스
믹스테이프,코미디,2021,영화,넷플릭스
민날 무랄리,슈퍼히어로,2021,영화,넷플릭스
바르트코비아크,액션,2021,영화,넷플릭스
반딧불이를 본 적이 있나요?,코미디,2021,영화,넷플릭스
배드 트립,코미디,2021,영화,넷플릭스
베킷,액션,2021,영화,넷플릭스
브라이트: 무사의 혼,애니메이션,2021,영화,넷플릭스
블랙 아일랜드,스릴러,2021,영화,넷플릭스
블러드 레드 스카이,스릴러,2021,영화,넷플릭스
블루 미라클,드라마,2021,영화,넷플릭스
비탄의 정글,드라마,2021,영화,넷플릭스
빌로우제로,액션,2021,영화,넷플릭스
사기를 쳐라,코미디,2021,영화,넷플릭스
사냥감,스릴러,2021,영화,넷플릭스
사랑의 리조트,로맨틱 코미디,2021,영화,넷플릭스
사르다르의 손자,코미디,2021,영화,넷플릭스
삼키고 삼키며,드라마,2021,영화,넷플릭스
상티넬,액션,2021,영화,넷플릭스
새콤달콤,로맨스,2021,영화,넷플릭스
수업시대,드라마,2021,영화,넷플릭스
스위트 걸,액션,2021,영화,넷플릭스
스케이터 걸,스포츠,2021,영화,넷플릭스
스퀘어드 러브,로맨틱 코미디,2021,영화,넷플릭스
승리호,SF,2021,영화,넷플릭스
신의 손,드라마,2021,영화,넷플릭스
싱글 올 더 웨이,로맨틱 코미디,2021,영화,넷플릭스
썬더 포스,코미디,2021,영화,넷플릭스
아노니마,로맨틱 코미디,2021,영화,넷플릭스
아메리카: 영화 같은 이야기,애니메이션,2021,영화,넷플릭스
아무도 살아서 나갈 수 없다,호러,2021,영화,넷플릭스
아미 오브 더 데드,좀비,2021,영화,넷플릭스
아미 오브 더 데드: 도둑들,범죄,2021,영화,넷플릭스
아사쿠사 키드,드라마,2021,영화,넷플릭스
아웃사이드 더 와이어,액션,2021,영화,넷플릭스
아지즈 딜레마,드라마,2021,영화,넷플릭스
악어소년 알로,애니메이션,2021,영화,넷플릭스
알려지지 않은 이야기,앤솔로지,2021,영화,넷플릭스
알로하! 오하나를 찾아서,코미디,2021,영화,넷플릭스
알리와 퀸스의 여왕들,코미디,2021,영화,넷플릭스
야라,드라마,2021,영화,넷플릭스
약한 녀석들,코미디,2021,영화,넷플릭스
어웨이크,SF 스릴러,2021,영화,넷플릭스
언포기버블,드라마,2021,영화,넷플릭스
얼떨결에 스타트업,코미디,2021,영화,넷플릭스
엑스트레모,액션,2021,영화,넷플릭스
염소를 잡아라,코미디,2021,영화,넷플릭스
영원한 남사친,로맨틱 코미디,2021,영화,넷플릭스
예스 데이!,코미디,2021,영화,넷플릭스
완벽에서 살짝 모자란,로맨틱 코미디,2021,영화,넷플릭스
욘욘+엘리사베트,로맨스,2021,영화,넷플릭스
우리 세 사람,드라마,2021,영화,넷플릭스
우리 함께 아웃백으로!,애니메이션,2021,영화,넷플릭스
우리는 노래처럼,로맨틱 코미디,2021,영화,넷플릭스
우리는 모두 어른이 될 수 없었다,드라마,2021,영화,넷플릭스
우리들의 여름날,로맨스,2021,영화,넷플릭스
우먼 인 윈도,스릴러,2021,영화,넷플릭스
월드 위드아웃,SF,2021,영화,넷플릭스
이상해도 괜찮아,코미디,2021,영화,넷플릭스
이정표,드라마,2021,영화,넷플릭스
인생은 트리방가처럼,드라마,2021,영화,넷플릭스
작전명 히아신스,드라마,2021,영화,넷플릭스
잠든 여인,호러,2021,영화,넷플릭스
재키의 링,스포츠,2021,영화,넷플릭스
저스트 세이 예스,로맨틱 코미디,2021,영화,넷플릭스
저승까지 파티피플!,코미디,2021,영화,넷플릭스
제8일의 밤,미스터리,2021,영화,넷플릭스
제삼자,드라마,2021,영화,넷플릭스
존재감 없는 소녀의 고백,코미디,2021,영화,넷플릭스
준 & 코피: 나의 영원한 두 친구,드라마,2021,영화,넷플릭스
지즈와 앤,로맨틱 코미디,2021,영화,넷플릭스
차인표,코미디,2021,영화,넷플릭스
침입자,스릴러,2021,영화,넷플릭스
카니발,코미디,2021,영화,넷플릭스
칸다사미 따라잡기: 가족 여행,코미디,2021,영화,넷플릭스
캘리포니아 크리스마스: 도시의 불빛,로맨틱 코미디,2021,영화,넷플릭스
케이트,액션,2021,영화,넷플릭스
콘크리트 카우보이,드라마,2021,영화,넷플릭스
크리스마스 스위치: 로맨싱 스타,로맨틱 코미디,2021,영화,넷플릭스
크리스마스 캐슬,로맨틱 코미디,2021,영화,넷플릭스
크리스마스로부터 1000KM,로맨틱 코미디,2021,영화,넷플릭스
클래식 호러 스토리,호러,2021,영화,넷플릭스
키싱 부스 3,로맨틱 코미디,2021,영화,넷플릭스
킨,스릴러,2021,영화,넷플릭스
트롤헌터: 라이즈 오브 타이탄,애니메이션,2021,영화,넷플릭스
"틱, 틱... 붐!",뮤지컬,2021,영화,넷플릭스
파더 크리스마스 이즈 백,코미디,2021,영화,넷플릭스
파워 오브 도그,드라마,2021,영화,넷플릭스
패싱,드라마,2021,영화,넷플릭스
퍼펙트 핏,로맨틱 코미디,2021,영화,넷플릭스
페리,범죄,2021,영화,넷플릭스
포에버 리치,스릴러,2021,영화,넷플릭스
프라임 타임,스릴러,2021,영화,넷플릭스
피버 드림,스릴러,2021,영화,넷플릭스
피어 스트리트 파트 1: 1994,호러,2021,영화,넷플릭스
피어 스트리트 파트 2: 1978,호러,2021,영화,넷플릭스
피어 스트리트 파트 3: 1666,호러,2021,영화,넷플릭스
행복이여 영원하라,로맨스,2021,영화,넷플릭스
허드 앤 씬,호러,2021,영화,넷플릭스
화이트 타이거,드라마,2021,영화,넷플릭스
히즈 올 댓,로맨틱 코미디,2021,영화,넷플릭스
"힐다, 산 속의 왕과 마주치다",애니메이션,2021,영화,넷플릭스
365일: 오늘,에로,2022,영화,넷플릭스
구조견 루비,가족 / 실화,2022,영화,넷플릭스
그렇게 난 갱스터와 사랑에 빠졌다,드라마,2022,영화,넷플릭스
너는 나의 UFO,드라마,2022,영화,넷플릭스
네 명의 저녁식사,로맨틱 코미디,2022,영화,넷플릭스
댄싱 온 글래스,드라마,2022,영화,넷플릭스
더 버블,코미디,2022,영화,넷플릭스
더 프리빌리지,호러,2022,영화,넷플릭스
또다시 망할 놈의 사랑,로맨틱 코미디,2022,영화,넷플릭스
레스틀리스,스릴러,2022,영화,넷플릭스
로열 트리트먼트,로맨스,2022,영화,넷플릭스
루프 라페타,로맨스 / 스릴러,2022,영화,넷플릭스
룸슈프링아,코미디,2022,영화,넷플릭스
마디아 홈커밍,코미디,2022,영화,넷플릭스
말괄량이 길들이기,로맨틱 코미디,2022,영화,넷플릭스
맨 오브 갓,드라마,2022,영화,넷플릭스
메탈 로드,코미디,2022,영화,넷플릭스
모럴 센스,로맨틱 코미디,2022,영화,넷플릭스
뮌헨: 전쟁의 문턱에서,스릴러,2022,영화,넷플릭스
배틀: 프리스타일,로맨스,2022,영화,넷플릭스
버블,애니메이션,2022,영화,넷플릭스
벚꽃 같은 나의 연인,로맨틱 코미디,2022,영화,넷플릭스
벤전스,액션,2022,영화,넷플릭스
보이지 않는 끈,코미디,2022,영화,넷플릭스
복사기,스릴러,2022,영화,넷플릭스
브레이즌,로맨스 / 스릴러,2022,영화,넷플릭스
블랙 크랩,액션,2022,영화,넷플릭스
빅버그,SF / 코미디,2022,영화,넷플릭스
사랑의 전술,로맨틱 코미디,2022,영화,넷플릭스
스루 마이 윈도,로맨스,2022,영화,넷플릭스
스파이더헤드,SF,2022,영화,넷플릭스
시니어 이어,코미디,2022,영화,넷플릭스
실버턴 포위 작전,액션,2022,영화,넷플릭스
아만들라,드라마,2022,영화,넷플릭스
아빠의 바이올린,드라마,2022,영화,넷플릭스
아폴로 10 1⁄2:스페이스 에이지 어드벤처,애니메이션,2022,영화,넷플릭스
애덤 프로젝트,SF,2022,영화,넷플릭스
야차,첩보,2022,영화,넷플릭스
얼어버린 시간 속에서,재난,2022,영화,넷플릭스
여름밤을 달려봐,드라마,2022,영화,넷플릭스
우박 맞은 날,코미디,2022,영화,넷플릭스
위크엔드 어웨이,스릴러,2022,영화,넷플릭스
윈드폴,스릴러,2022,영화,넷플릭스
이것은 코미디가 아니다,코미디,2022,영화,넷플릭스
인 굿 핸즈,로맨틱 코미디,2022,영화,넷플릭스
인터셉터,액션,2022,영화,넷플릭스
인투 더 윈드,로맨틱 코미디,2022,영화,넷플릭스
추즈 오어 다이,호러,2022,영화,넷플릭스
켄타우로스,액션 / 스릴러,2022,영화,넷플릭스
코발트 블루,로맨스,2022,영화,넷플릭스
타르에서 일어난 일,서부극,2022,영화,넷플릭스
터닝 포인트,드라마,2022,영화,넷플릭스
텍사스 전기톱 학살 2022,호러,2022,영화,넷플릭스
토스카나,드라마,2022,영화,넷플릭스
톨 걸 2,로맨틱 코미디,2022,영화,넷플릭스
투캅스 인 파리: 더 테이크다운,액션 / 코미디,2022,영화,넷플릭스
트리 오브 피스,드라마,2022,영화,넷플릭스
퍼펙트 페어링,로맨틱 코미디,2022,영화,넷플릭스
하트 퍼레이드,로맨틱 코미디,2022,영화,넷플릭스
해브 어 굿 트립,드라마,2022,영화,넷플릭스
허니문 위드 마이 마더,코미디,2022,영화,넷플릭스
허슬,스포츠,2022,영화,넷플릭스
홈 팀,코미디,2022,영화,넷플릭스
황무지의 괴물,호러,2022,영화,넷플릭스
하트스토퍼,LGBT,2022,드라마,넷플릭스
고요의 바다,SF,2021,드라마,넷플릭스
더 시스템,SF,2020,드라마,넷플릭스
더 원,SF,2021,드라마,넷플릭스
라스트 버스,SF,2022,드라마,넷플릭스
로스트 인 스페이스,SF,2018,드라마,넷플릭스
슈퍼키드 디온,SF,2019,드라마,넷플릭스
야카모즈 S-245,SF,2022,드라마,넷플릭스
어나더 라이프,SF,2019,드라마,넷플릭스
어둠 속으로,SF,2020,드라마,넷플릭스
어웨이,SF,2020,드라마,넷플릭스
얼터드 카본,SF,2018,드라마,넷플릭스
오스모시스,SF,2019,드라마,넷플릭스
웰컴 투 에덴,SF,2022,드라마,넷플릭스
이노센트: 순수의 여정,SF,2018,드라마,넷플릭스
인티머시,SF,2022,드라마,넷플릭스
초즌,SF,2022,드라마,넷플릭스
카우보이 비밥,SF,2021,드라마,넷플릭스
타이드랜드,SF,2018,드라마,넷플릭스
트라이브 오브 유로파,SF,2021,드라마,넷플릭스
나 홀로 그대,SF 로맨스,2020,드라마,넷플릭스
I-랜드,SF 스릴러,2019,드라마,넷플릭스
홈메이드,단편 앤솔로지,2020,드라마,넷플릭스
3일의 크리스마스,드라마,2019,드라마,넷플릭스
5인의 후아나,드라마,2021,드라마,넷플릭스
그들이 우리를 바라볼 때,드라마,2019,드라마,넷플릭스
그리고 베를린에서,드라마,2020,드라마,넷플릭스
더티 라인,드라마,2022,드라마,넷플릭스
돌리 파튼: 마음의 멜로디,드라마,2019,드라마,넷플릭스
디 에디,드라마,2020,드라마,넷플릭스
러브 101,드라마,2020,드라마,넷플릭스
레일라,드라마,2019,드라마,넷플릭스
루나 파크,드라마,2021,드라마,넷플릭스
마지막 한마디,드라마,2020,드라마,넷플릭스
멈출 수 없어,드라마,2020,드라마,넷플릭스
모나르카,드라마,2019,드라마,넷플릭스
무브 투 헤븐: 나는 유품정리사입니다,드라마,2021,드라마,넷플릭스
믿을 수 없는 이야기,드라마,2019,드라마,넷플릭스
베를린의 개들,드라마,2018,드라마,넷플릭스
베이비,드라마,2018,드라마,넷플릭스
봄베이 우먼,드라마,2021,드라마,넷플릭스
살색의 감독 무라니시,드라마,2019,드라마,넷플릭스
새비지 리듬,드라마,2022,드라마,넷플릭스
새비지 뷰티,드라마,2022,드라마,넷플릭스
세번의 크리스마스,드라마,2019,드라마,넷플릭스
섹스/라이프,드라마,2021,드라마,넷플릭스
셀프 메이드: 마담 C.J. 워커,드라마,2020,드라마,넷플릭스
수호자,드라마,2018,드라마,넷플릭스
스카이라인,드라마,2019,드라마,넷플릭스
스핀 아웃,드라마,2020,드라마,넷플릭스
신문기자,드라마,2022,드라마,넷플릭스
신성한 게임,드라마,2018,드라마,넷플릭스
신토니아,드라마,2019,드라마,넷플릭스
알리와비 여고,드라마,2021,드라마,넷플릭스
애나 만들기,드라마,2022,드라마,넷플릭스
양키,드라마,2019,드라마,넷플릭스
에다,드라마,2018,드라마,넷플릭스
에토스,드라마,2020,드라마,넷플릭스
"오, 발레리아",드라마,2020,드라마,넷플릭스
"오, 할리우드",드라마,2020,드라마,넷플릭스
욕망의 새,드라마,2022,드라마,넷플릭스
우리는 보았다,드라마,2021,드라마,넷플릭스
위 아 더 웨이브,드라마,2019,드라마,넷플릭스
위살 패밀리,드라마,2022,드라마,넷플릭스
잃어버린 올라를 찾아서,드라마,2022,드라마,넷플릭스
자이바!,드라마,2021,드라마,넷플릭스
조용한 희망,드라마,2021,드라마,넷플릭스
지니 & 조지아,드라마,2021,드라마,넷플릭스
콜린: 흑과 백의 인생,드라마,2021,드라마,넷플릭스
퀸스 갬빗,드라마,2020,드라마,넷플릭스
크리스마스는 가족과 함께,드라마,2020,드라마,넷플릭스
크리켓 보이즈,드라마,2018,드라마,넷플릭스
클라르크,드라마,2022,드라마,넷플릭스
키츠,드라마,2021,드라마,넷플릭스
트링킷,드라마,2019,드라마,넷플릭스
파이어플라이 레인,드라마,2021,드라마,넷플릭스
팔로워들,드라마,2020,드라마,넷플릭스
페라 팔라스의 밤,드라마,2022,드라마,넷플릭스
홀스턴,드라마,2021,드라마,넷플릭스
화이트 라인,드라마,2020,드라마,넷플릭스
히트 & 런,드라마,2021,드라마,넷플릭스
대시 & 릴리,로맨스,2020,드라마,넷플릭스
모어 댄 블루: 더 시리즈,로맨스,2021,드라마,넷플릭스
버진리버,로맨스,2019,드라마,넷플릭스
보스 프린세스,로맨스,2019,드라마,넷플릭스
브리저튼,로맨스,2020,드라마,넷플릭스
스위트 매그놀리아,로맨스,2020,드라마,넷플릭스
여름의 열기,로맨스,2022,드라마,넷플릭스
좋아하면 울리는,로맨스,2019,드라마,넷플릭스
첫사랑은 처음이라서,로맨스,2019,드라마,넷플릭스
페델타,로맨스,2022,드라마,넷플릭스
실연당한 이들을 위한 별자리 가이드,로맨스 코미디,2021,드라마,넷플릭스
화등초상,로맨스 스릴러,2021,드라마,넷플릭스
"사랑, 인생, 그리고 그 사이의 모든 것",로맨틱 코미디,2022,드라마,넷플릭스
크리스마스 플로우,로맨틱 코미디,2021,드라마,넷플릭스
타지마할 1989,로맨틱 코미디,2020,드라마,넷플릭스
너에게 주는 시간,멜로,2021,드라마,넷플릭스
사운드트랙,뮤지컬,2019,드라마,넷플릭스
안나라수마나라,뮤지컬 / 판타지,2022,드라마,넷플릭스
더 기프트,미스터리,2019,드라마,넷플릭스
더 소사이어티,미스터리,2019,드라마,넷플릭스
라그나로크,미스터리,2020,드라마,넷플릭스
레아의 7개 인생,미스터리,2022,드라마,넷플릭스
영혼 신부,미스터리,2020,드라마,넷플릭스
이레귤러스,미스터리,2021,드라마,넷플릭스
카틀라,미스터리,2021,드라마,넷플릭스
알타 마르: 선상의 살인자,미스터리 시대극,2019,드라마,넷플릭스
7번 게이트,범죄,2020,드라마,넷플릭스
7초,범죄,2018,드라마,넷플릭스
굿 모닝 베로니카,범죄,2020,드라마,넷플릭스
그들의 왕국,범죄,2021,드라마,넷플릭스
나르코스: 멕시코,범죄,2018,드라마,넷플릭스
다크 블랙 아이즈,범죄,2022,드라마,넷플릭스
더 체스트넛 맨,범죄,2021,드라마,넷플릭스
더 클럽,범죄,2019,드라마,넷플릭스
델리 크라임,범죄,2019,드라마,넷플릭스
뜻밖의 살인자,범죄,2021,드라마,넷플릭스
뤼팽,범죄,2021,드라마,넷플릭스
마이,범죄,2022,드라마,넷플릭스
범죄의 기록: 비운의 후보,범죄,2019,드라마,넷플릭스
부패의 메커니즘,범죄,2018,드라마,넷플릭스
브라더후드,범죄,2019,드라마,넷플릭스
세기의 도둑들,범죄,2020,드라마,넷플릭스
스카이 로호,범죄,2021,드라마,넷플릭스
스테이 클로즈,범죄,2021,드라마,넷플릭스
스파이 퀸,범죄,2020,드라마,넷플릭스
아론녹,범죄,2021,드라마,넷플릭스
영 월랜더,범죄,2020,드라마,넷플릭스
우리가 몰랐던 그녀,범죄,2020,드라마,넷플릭스
인간수업,범죄,2020,드라마,넷플릭스
잠타라: 당첨된 번호입니다,범죄,2020,드라마,넷플릭스
퀵샌드: 나의 다정한 마야,범죄,2019,드라마,넷플릭스
크리미널: 독일,범죄,2019,드라마,넷플릭스
크리미널: 스페인,범죄,2019,드라마,넷플릭스
크리미널: 영국,범죄,2019,드라마,넷플릭스
크리미널: 프랑스,범죄,2019,드라마,넷플릭스
킹 오브 보이즈: 왕의 귀환,범죄,2021,드라마,넷플릭스
파트마,범죄,2021,드라마,넷플릭스
빌리언 달러 코드,법정,2021,드라마,넷플릭스
소년심판,법정 / 범죄,2022,드라마,넷플릭스
링컨 차를 타는 변호사,법정 / 스릴러,2022,드라마,넷플릭스
예감,복수,2022,드라마,넷플릭스
금붕어 아내,불륜,2022,드라마,넷플릭스
땅의 상속자들,사극,2022,드라마,넷플릭스
바바리안,사극,2020,드라마,넷플릭스
잉글리시 게임,사극,2020,드라마,넷플릭스
바이킹스: 발할라,사극 / 액션,2022,드라마,넷플릭스
주피터스 레거시,슈퍼히어로,2021,드라마,넷플릭스
1983,스릴러,2018,드라마,넷플릭스
50 제곱미터,스릴러,2021,드라마,넷플릭스
검은 욕망,스릴러,2020,드라마,넷플릭스
결백,스릴러,2021,드라마,넷플릭스
경계선의 남자,스릴러,2019,드라마,넷플릭스
글로리아,스릴러,2021,드라마,넷플릭스
낮과 밤의 시간,스릴러,2020,드라마,넷플릭스
너의 조각들,스릴러,2022,드라마,넷플릭스
네가 남긴 혼돈,스릴러,2020,드라마,넷플릭스
누가 사라를 죽였을까,스릴러,2021,드라마,넷플릭스
누군가 죽어야 한다,스릴러,2020,드라마,넷플릭스
달러,스릴러,2019,드라마,넷플릭스
더 서치: 사라진 아이,스릴러,2020,드라마,넷플릭스
더 크루: 갱랜드,스릴러,2021,드라마,넷플릭스
더 페임 게임,스릴러,2022,드라마,넷플릭스
래치드,스릴러,2020,드라마,넷플릭스
메시아,스릴러,2020,드라마,넷플릭스
미다스의 노예들,스릴러,2020,드라마,넷플릭스
바이오해커스,스릴러,2020,드라마,넷플릭스
방콕 브레이킹,스릴러,2021,드라마,넷플릭스
블러드 시스터즈,스릴러,2022,드라마,넷플릭스
비하인드 허 아이즈,스릴러,2021,드라마,넷플릭스
섀도우,스릴러,2019,드라마,넷플릭스
선택받은 자,스릴러,2019,드라마,넷플릭스
숲,스릴러,2020,드라마,넷플릭스
스트레인저,스릴러,2020,드라마,넷플릭스
스펙트로스,스릴러,2020,드라마,넷플릭스
아체,스릴러,2019,드라마,넷플릭스
어둠 속의 42일,스릴러,2022,드라마,넷플릭스
영원히 사라지다,스릴러,2021,드라마,넷플릭스
오징어 게임,스릴러,2021,드라마,넷플릭스
오픈 유어 아이즈,스릴러,2021,드라마,넷플릭스
왓/이프,스릴러,2019,드라마,넷플릭스
이지머니,스릴러,2021,드라마,넷플릭스
입에서 입으로,스릴러,2020,드라마,넷플릭스
클릭베이트,스릴러,2021,드라마,넷플릭스
트루 스토리,스릴러,2021,드라마,넷플릭스
포스트모템: 스카르네스에서는 아무도 죽지 않는다,스릴러,2021,드라마,넷플릭스
프론테라,스릴러,2019,드라마,넷플릭스
프롬 더 콜드,스릴러,2022,드라마,넷플릭스
피의 시인,스릴러,2019,드라마,넷플릭스
홀드 타이트,스릴러,2022,드라마,넷플릭스
희생자 게임,스릴러,2020,드라마,넷플릭스
종이의 집: 공동경제구역,스릴러 / 범죄,2022,드라마,넷플릭스
제로 칠,스포츠,2021,드라마,넷플릭스
더 클럽,시대극,2021,드라마,넷플릭스
라 레볼뤼시옹,시대극,2020,드라마,넷플릭스
이파네마의 여인들,시대극,2019,드라마,넷플릭스
재규어,시대극,2021,드라마,넷플릭스
너의 심장,심리 스릴러,2019,드라마,넷플릭스
마이 네임,액션,2021,드라마,넷플릭스
오행자객,액션,2019,드라마,넷플릭스
카이드,액션,2021,드라마,넷플릭스
아우터 뱅크스,액션 어드벤쳐,2020,드라마,넷플릭스
사랑인가 봐,앤솔로지,2021,드라마,넷플릭스
사티아지트 라이 단편 걸작선,앤솔로지,2021,드라마,넷플릭스
소셜 디스턴스: 마음은 가까이,앤솔로지,2020,드라마,넷플릭스
스트레인지 스토리,앤솔로지,2021,드라마,넷플릭스
씬 스토리,앤솔로지,2020,드라마,넷플릭스
아나토미 오브 스캔들,앤솔로지,2022,드라마,넷플릭스
아홉 개의 감정,앤솔로지,2021,드라마,넷플릭스
페르소나,앤솔로지,2019,드라마,넷플릭스
포니시터 클럽,어린이 드라마,2018,드라마,넷플릭스
셀레나,음악,2020,드라마,넷플릭스
블랙 썸머,좀비,2019,드라마,넷플릭스
지금 우리 학교는,좀비 / 호러,2022,드라마,넷플릭스
킹덤,좀비 사극,2019,드라마,넷플릭스
스위트홈,크리처,2020,드라마,넷플릭스
다크 크리스탈: 저항의 시대,판타지,2019,드라마,넷플릭스
루나 네라,판타지,2020,드라마,넷플릭스
보건교사 안은영,판타지,2020,드라마,넷플릭스
비밀의 도시,판타지,2021,드라마,넷플릭스
사브리나의 오싹한 모험,판타지,2018,드라마,넷플릭스
섀도우 앤 본,판타지,2021,드라마,넷플릭스
소년 기사와 비밀 편지,판타지,2020,드라마,넷플릭스
스위트 투스: 사슴뿔을 가진 소년,판타지,2021,드라마,넷플릭스
스트랜디드,판타지,2019,드라마,넷플릭스
시크릿 위치,판타지,2019,드라마,넷플릭스
아리스 인 보더랜드,판타지,2020,드라마,넷플릭스
워리어 넌: 신의 뜻대로,판타지,2020,드라마,넷플릭스
위쳐,판타지,2019,드라마,넷플릭스
잭 모턴과 언더월드,판타지,2019,드라마,넷플릭스
저주받은 소녀,판타지,2020,드라마,넷플릭스
지니,판타지,2019,드라마,넷플릭스
쿠론의 종소리,판타지,2020,드라마,넷플릭스
크라쿠프의 괴물들,판타지,2022,드라마,넷플릭스
페이트: 윙스의 전설,판타지,2021,드라마,넷플릭스
옛날 옛적에... 그리고 지금은,판타지 / 뮤지컬,2022,드라마,넷플릭스
디아블레로: 악마사냥꾼,판타지 스릴러,2018,드라마,넷플릭스
레인,포스트 아포칼립스,2018,드라마,넷플릭스
그랜드 아미,하이틴,2020,드라마,넷플릭스
반항아들,하이틴,2022,드라마,넷플릭스
블러드 & 워터,하이틴,2020,드라마,넷플릭스
사랑하는 작고 예쁜 것들,하이틴,2020,드라마,넷플릭스
"안녕, 여름",하이틴,2020,드라마,넷플릭스
여름의 비밀,하이틴,2022,드라마,넷플릭스
영 로열스,하이틴,2021,드라마,넷플릭스
컨트롤 Z,하이틴,2020,드라마,넷플릭스
우주를 누비는 쏙독새,하이틴 SF,2018,드라마,넷플릭스
엘리트들,하이틴 범죄,2018,드라마,넷플릭스
V-워,호러,2019,드라마,넷플릭스
구울,호러,2018,드라마,넷플릭스
로크 앤 키,호러,2020,드라마,넷플릭스
리얼리티 Z,호러,2020,드라마,넷플릭스
마리안,호러,2019,드라마,넷플릭스
뱀파이어들,호러,2020,드라마,넷플릭스
베탈: 악마의 군단,호러,2020,드라마,넷플릭스
브랜드 뉴 체리 플레이버,호러,2021,드라마,넷플릭스
블라이 저택의 유령,호러,2020,드라마,넷플릭스
아카이브 81,호러,2022,드라마,넷플릭스
어둠 속의 미사,호러,2021,드라마,넷플릭스
엘프들,호러,2021,드라마,넷플릭스
옥토버 팩션,호러,2020,드라마,넷플릭스
주온: 저주의 집,호러,2020,드라마,넷플릭스
지옥,호러,2021,드라마,넷플릭스
클럽 아레스,호러,2020,드라마,넷플릭스
타이프라이터,호러,2019,드라마,넷플릭스
패러노멀,호러,2020,드라마,넷플릭스
퍼스트 킬,호러,2022,드라마,넷플릭스
페리아: 가장 어두운 빛,호러,2022,드라마,넷플릭스
호러 버스에 탑승하라,호러,2020,드라마,넷플릭스
힐 하우스의 유령,호러,2018,드라마,넷플릭스
모르텔,히어로,2019,드라마,넷플릭스
제로,히어로,2021,드라마,넷플릭스
엄브렐러 아카데미,히어로 액션,2019,드라마,넷플릭스
오목소녀,드라마,2018,영화,웨이브
트레이서 시즌2,"범죄,추적",2022,드라마,웨이브
나는 길에서 연예인을 주웠다,"로맨틱코미디,스릴러",2018,드라마,웨이브
트레이서 시즌1,"범죄,추적",2022,드라마,웨이브
유 레이즈 미 업 (You Raise Me Up),"코미디,첫사랑",2021,드라마,웨이브
독고 리와인드,"액션,학교,폭력",2018,드라마,웨이브
복수노트,"로맨틱코미디,하이틴",2017,드라마,웨이브
이렇게 된 이상 청와대로 간다,"코미디,정치,납치",2021,드라마,웨이브
회사를 관두는 최고의 순간,"청춘,사회초년생",2017,드라마,웨이브
"러브씬넘버,","로맨스,청춘,심리",2021,드라마,웨이브
너 미워! 줄리엣,로맨스,2019,드라마,웨이브
미드나이트,스릴러,2020,영화,티빙
해피 뉴 이어,로맨스,2021,영화,티빙
샤크 : 더 비기닝,액션,2021,영화,티빙
서복,드라마,2019,영화,티빙
유미의 세포들 시즌2,로맨스,2022,드라마,티빙
돼지의 왕,스릴러,2022,드라마,티빙
아직 최선을 다하지 않았을 뿐,코미디,2022,드라마,티빙
유미의 세포들,로맨스,2021,드라마,티빙
해피니스,스릴러,2021,드라마,티빙
장미맨션,스릴러,2022,드라마,티빙
술꾼도시여자들,코미디,2021,드라마,티빙
괴이,스릴러,2022,드라마,티빙
어른연습생,하이틴,2021,드라마,티빙
내과 박원장,코미디,2022,드라마,티빙
씬: 괴이한 이야기,공포,2022,드라마,티빙
마녀식당으로 오세요,판타지,2021,드라마,티빙
당신의 운명을 쓰고 있습니다,로맨스판타지,2021,드라마,티빙
스타워즈,스페이스 오페라,2021,드라마,디즈니플러스
만달로리안,스페이스 오페라,2021,드라마,디즈니플러스
The Mandalorian,스페이스 오페라,2021,드라마,디즈니플러스
하이 스쿨 뮤지컬: 뮤지컬: 시리즈,뮤지컬,2021,드라마,디즈니플러스
High School Musical: The Musical: The Series,뮤지컬,2021,드라마,디즈니플러스
나의 대통령 일기,코미디,2021,드라마,디즈니플러스
Diary of a Future President,코미디,2021,드라마,디즈니플러스
내셔널 지오그래픽,역사 드라마,2021,드라마,디즈니플러스
 필사의 도전,역사 드라마,2021,드라마,디즈니플러스
The Right Stuff,역사 드라마,2021,드라마,디즈니플러스
MCU,"슈퍼히어로, 시트콤",2021,드라마,디즈니플러스
완다비전,"슈퍼히어로, 시트콤",2021,드라마,디즈니플러스
WandaVision,"슈퍼히어로, 시트콤",2021,드라마,디즈니플러스
MCU,"슈퍼히어로, 액션",2021,드라마,디즈니플러스
팔콘과 윈터 솔져,"슈퍼히어로, 액션",2021,드라마,디즈니플러스
The Falcon and The Winter Soldier,"슈퍼히어로, 액션",2021,드라마,디즈니플러스
마이티 덕: 게임 체인저,스포츠,2021,드라마,디즈니플러스
The Mighty Ducks: Game Changers,스포츠,2021,드라마,디즈니플러스
빅샷,스포츠,2021,드라마,디즈니플러스
Big Shot,스포츠,2021,드라마,디즈니플러스
MCU,"슈퍼히어로, 판타지",2021,드라마,디즈니플러스
로키,"슈퍼히어로, 판타지",2021,드라마,디즈니플러스
Loki,"슈퍼히어로, 판타지",2021,드라마,디즈니플러스
베네딕트 비밀 클럽,"가족, 미스터리, 모험",2021,드라마,디즈니플러스
The Mysterious Benedict Society,"가족, 미스터리, 모험",2021,드라마,디즈니플러스
터너와 후치,"수사, 코미디",2021,드라마,디즈니플러스
Turner & Hooch,"수사, 코미디",2021,드라마,디즈니플러스
천재소녀 두기,"가족, 의학",2021,드라마,디즈니플러스
"Doogie Kameāloha, M.D.","가족, 의학",2021,드라마,디즈니플러스
저스트 비욘드,호러 코미디,2022,드라마,디즈니플러스
Just Beyond,호러 코미디,2022,드라마,디즈니플러스
아르헨티나,"코미디, 판타지, 뮤지컬",2022,드라마,디즈니플러스
얽히고 엮인 그녀들,"코미디, 판타지, 뮤지컬",2022,드라마,디즈니플러스
Entrelazados (Intertwined),"코미디, 판타지, 뮤지컬",2022,드라마,디즈니플러스
MCU,"슈퍼히어로, 크리스마스",2021,드라마,디즈니플러스
호크아이,"슈퍼히어로, 크리스마스",2021,드라마,디즈니플러스
Hawkeye,"슈퍼히어로, 크리스마스",2021,드라마,디즈니플러스
스타,"공포, 스릴러",2022,드라마,디즈니플러스
브라질,"공포, 스릴러",2022,드라마,디즈니플러스
광기,"공포, 스릴러",2022,드라마,디즈니플러스
Insânia (Insanity),"공포, 스릴러",2022,드라마,디즈니플러스
스타워즈,스페이스 오페라,2022,드라마,디즈니플러스
북 오브 보바 펫,스페이스 오페라,2022,드라마,디즈니플러스
The Book of Boba Fett,스페이스 오페라,2022,드라마,디즈니플러스
스타,"전기, 뮤지컬",2022,드라마,디즈니플러스
홍콩,"전기, 뮤지컬",2022,드라마,디즈니플러스
매염방: 디렉터스 컷,"전기, 뮤지컬",2022,드라마,디즈니플러스
Anita (Director's Cut),"전기, 뮤지컬",2022,드라마,디즈니플러스
프랑스,코미디,2022,드라마,디즈니플러스
주말에만 만나요,코미디,2022,드라마,디즈니플러스
Weekend Family,코미디,2022,드라마,디즈니플러스
프랑스,"SF, 미스터리",2022,드라마,디즈니플러스
평행 우주,"SF, 미스터리",2022,드라마,디즈니플러스
Parallèles (Parallels),"SF, 미스터리",2022,드라마,디즈니플러스
MCU,"슈퍼히어로, 액션",2022,드라마,디즈니플러스
문나이트,"슈퍼히어로, 액션",2022,드라마,디즈니플러스
Moon Knight,"슈퍼히어로, 액션",2022,드라마,디즈니플러스
스타,로멘틱 코미디,2022,드라마,디즈니플러스
이탈리아,로멘틱 코미디,2022,드라마,디즈니플러스
뻔뻔한 천사들,로멘틱 코미디,2022,드라마,디즈니플러스
Le Fate Ignoranti (The Ignorant Angels),로멘틱 코미디,2022,드라마,디즈니플러스
스타,드라마,2022,드라마,디즈니플러스
프랑스,드라마,2022,드라마,디즈니플러스
우세킨,드라마,2022,드라마,디즈니플러스
Oussekine,드라마,2022,드라마,디즈니플러스
스타워즈,스페이스 오페라,2022,드라마,디즈니플러스
오비완 케노비,스페이스 오페라,2022,드라마,디즈니플러스
Obi-Wan Kenobi,스페이스 오페라,2022,드라마,디즈니플러스
MCU,"슈퍼히어로, 성장물",2022,드라마,디즈니플러스
미즈 마블,"슈퍼히어로, 성장물",2022,드라마,디즈니플러스
Ms. Marvel,"슈퍼히어로, 성장물",2022,드라마,디즈니플러스
,,,,
,,,,
,,,,
,,,,
,,,,
